step,type,amount,nameOrig,oldbalanceOrg,newbalanceOrig,nameDest,oldbalanceDest,newbalanceDest
673,PAYMENT,7286.31,C1498177498,130.0,0.0,M1264638574,0.0,0.0
673,DEBIT,4922.44,C622528947,34412.0,29489.56,C974570574,210005.69,214928.13
673,PAYMENT,2814.73,C120588372,20997.0,18182.27,M1010378215,0.0,0.0
673,PAYMENT,10822.78,C1900493732,18182.27,7359.49,M216851118,0.0,0.0
673,PAYMENT,5728.26,C194591183,105142.0,99413.74,M2121937734,0.0,0.0
673,PAYMENT,2043.15,C908635446,36402.0,34358.85,M1572520143,0.0,0.0
673,PAYMENT,580.61,C523230710,11181.0,10600.39,M819998038,0.0,0.0
673,DEBIT,3386.72,C1137862497,31366.0,27979.28,C1407314439,398309.59,401696.32
673,PAYMENT,151.73,C1222998892,49153.0,49001.27,M700768235,0.0,0.0
673,PAYMENT,11216.1,C419421464,51303.0,40086.9,M1212569609,0.0,0.0
673,PAYMENT,2716.52,C723219574,213355.0,210638.48,M615501177,0.0,0.0
673,TRANSFER,73053.41,C1113510889,73053.41,0.0,C1359285806,0.0,0.0
673,CASH_OUT,73053.41,C950160827,73053.41,0.0,C1254045006,811041.41,884094.82
673,PAYMENT,2492.24,C1223308829,206740.0,204247.76,M318041724,0.0,0.0
673,DEBIT,514.93,C646035024,123677.0,123162.07,C813978499,183965.06,184479.99
673,PAYMENT,4203.42,C207943854,532.0,0.0,M363294177,0.0,0.0
673,PAYMENT,1584.37,C546694695,52209.0,50624.63,M185464659,0.0,0.0
673,PAYMENT,11161.38,C537386772,29083.0,17921.62,M249652880,0.0,0.0
673,CASH_OUT,71040.49,C21630389,17921.62,0.0,C816734951,628762.27,699802.77
673,PAYMENT,2660.48,C1704576416,119554.0,116893.52,M2079873400,0.0,0.0
673,CASH_OUT,48124.46,C2124965233,9972.0,0.0,C270628627,135762.68,183887.13
673,PAYMENT,1912.77,C794753204,49145.0,47232.23,M79793210,0.0,0.0
673,CASH_OUT,63611.56,C1028335171,47232.23,0.0,C1542812146,74315.14,137926.71
673,TRANSFER,897875.35,C7692150,897875.35,0.0,C402300594,0.0,0.0
673,CASH_OUT,897875.35,C1479974036,897875.35,0.0,C1078117334,0.0,897875.35
673,DEBIT,1318.68,C1352563700,28089.0,26770.32,C848717596,58173.16,59491.84
673,PAYMENT,3009.31,C872621722,46955.0,43945.69,M505889155,0.0,0.0
673,CASH_OUT,264752.13,C1922677999,43945.69,0.0,C1644537068,1701649.11,1966401.24
673,CASH_OUT,355089.23,C1375418515,0.0,0.0,C495131087,4814115.12,5169204.35
673,DEBIT,131.96,C2095178688,52705.0,52573.04,C2120396185,1666.96,1798.92
673,PAYMENT,5774.0,C1483640454,100827.0,95053.0,M1731149728,0.0,0.0
673,TRANSFER,223233.29,C1863887990,52572.0,0.0,C1708321046,39518.19,262751.48
673,PAYMENT,7112.99,C471121334,0.0,0.0,M807537164,0.0,0.0
673,CASH_OUT,43824.48,C787411351,43993.0,168.52,C1846506122,395446.76,439271.24
673,PAYMENT,3750.25,C71271200,109.0,0.0,M1040152348,0.0,0.0
673,PAYMENT,1472.97,C489515205,197435.0,195962.03,M1150701758,0.0,0.0
673,CASH_OUT,360444.65,C1011416463,195962.03,0.0,C1185929525,465299.53,825744.17
673,PAYMENT,4949.13,C2060008077,52747.0,47797.87,M206839377,0.0,0.0
673,PAYMENT,19188.74,C2058468549,47797.87,28609.13,M32412313,0.0,0.0
673,PAYMENT,7711.53,C851496315,155685.0,147973.47,M508226532,0.0,0.0
673,PAYMENT,620.71,C1776958332,7573.0,6952.29,M476386946,0.0,0.0
673,PAYMENT,19309.74,C679132000,6952.29,0.0,M1638293568,0.0,0.0
673,PAYMENT,5489.32,C1504679635,0.0,0.0,M1841977954,0.0,0.0
673,PAYMENT,6531.67,C278285568,69905.0,63373.33,M1122016050,0.0,0.0
673,PAYMENT,7860.24,C1734116531,654.0,0.0,M1484442480,0.0,0.0
673,CASH_IN,53818.19,C2057724722,153776.0,207594.19,C1541520807,72830.54,19012.35
673,PAYMENT,862.38,C1020874335,26147.0,25284.62,M1067662443,0.0,0.0
673,DEBIT,944.99,C831275428,34557.0,33612.01,C1282472876,144489.47,145434.47
673,PAYMENT,1612.18,C2029656916,40183.0,38570.82,M237439394,0.0,0.0
673,PAYMENT,6050.94,C683748457,14115.0,8064.06,M2073287092,0.0,0.0
673,PAYMENT,9330.85,C1394298153,11652.0,2321.15,M1699161329,0.0,0.0
673,PAYMENT,6748.77,C1145372244,37467.0,30718.23,M570413329,0.0,0.0
673,PAYMENT,6987.15,C679784962,25413.0,18425.85,M1949854543,0.0,0.0
673,PAYMENT,3072.89,C401444290,106742.0,103669.11,M1220911479,0.0,0.0
673,PAYMENT,1995.7,C1163665103,42185.0,40189.3,M1921611576,0.0,0.0
673,PAYMENT,6791.87,C158426934,8288.0,1496.13,M1826271606,0.0,0.0
673,PAYMENT,12216.36,C1230336068,1496.13,0.0,M1885142753,0.0,0.0
673,PAYMENT,2665.19,C1922461451,11615.0,8949.81,M1266557230,0.0,0.0
673,CASH_OUT,123372.27,C692825941,8949.81,0.0,C696398816,212020.2,335392.47
673,CASH_OUT,43144.55,C1048045419,0.0,0.0,C189971809,230360.87,273505.42
673,PAYMENT,9319.35,C2144876953,51840.0,42520.65,M1159008285,0.0,0.0
673,PAYMENT,8762.94,C835731181,382.0,0.0,M807258883,0.0,0.0
673,PAYMENT,2531.86,C246888552,201886.0,199354.14,M1666143323,0.0,0.0
673,PAYMENT,20865.98,C1406675337,199354.14,178488.16,M230925602,0.0,0.0
673,PAYMENT,1592.02,C973125770,154479.0,152886.98,M603250205,0.0,0.0
673,CASH_OUT,257091.91,C829566859,152886.98,0.0,C718021589,967612.96,1224704.86
673,PAYMENT,2407.55,C554202674,95057.0,92649.45,M519261809,0.0,0.0
673,PAYMENT,3383.5,C460484484,92649.45,89265.95,M1004279062,0.0,0.0
673,PAYMENT,5431.88,C1502043577,22354.0,16922.12,M1560481854,0.0,0.0
673,PAYMENT,11308.85,C1434802773,16922.12,5613.27,M246059350,0.0,0.0
673,PAYMENT,4433.66,C1839431599,30470.0,26036.34,M677642437,0.0,0.0
673,PAYMENT,3446.16,C1473032302,10038.0,6591.84,M221690848,0.0,0.0
673,PAYMENT,5845.16,C2074014702,6591.84,746.67,M1937028720,0.0,0.0
673,TRANSFER,329055.47,C1091119024,329055.47,0.0,C538971825,0.0,0.0
673,CASH_OUT,329055.47,C2044227018,329055.47,0.0,C355168842,0.0,329055.47
673,PAYMENT,7559.23,C1968566428,21505.0,13945.77,M600051568,0.0,0.0
673,PAYMENT,2938.17,C729323551,13945.77,11007.6,M301205127,0.0,0.0
673,TRANSFER,263992.44,C1275057461,305468.0,41475.56,C2015630463,348586.6,612579.04
673,PAYMENT,2611.38,C1212411061,25466.0,22854.62,M664026562,0.0,0.0
673,PAYMENT,14813.15,C375768969,22854.62,8041.47,M596045325,0.0,0.0
673,PAYMENT,699.81,C1962383500,10717.0,10017.19,M1913377277,0.0,0.0
673,PAYMENT,7808.45,C1248463290,12205.0,4396.55,M1577611388,0.0,0.0
673,PAYMENT,8088.32,C376676553,4396.55,0.0,M987434947,0.0,0.0
673,DEBIT,6296.71,C552003323,33477.0,27180.29,C1374721054,887069.86,893366.57
673,PAYMENT,4826.66,C1039198475,14690.0,9863.34,M915305364,0.0,0.0
673,PAYMENT,1915.55,C1414121361,6569.0,4653.45,M1125065437,0.0,0.0
673,TRANSFER,509929.36,C2030908166,4653.45,0.0,C2101345143,1543358.08,2053287.44
673,TRANSFER,5352822.74,C1012596064,0.0,0.0,C1425561249,1.002358472E7,1.537640746E7
673,TRANSFER,384042.11,C641056821,0.0,0.0,C2073990258,1612729.61,1996771.72
673,TRANSFER,2019203.2,C479598564,0.0,0.0,C1043913914,4331018.43,6350221.63
673,TRANSFER,674185.48,C202609267,0.0,0.0,C644655635,1587241.52,2261427.0
673,PAYMENT,10369.5,C1732890476,248573.0,238203.5,M1878368216,0.0,0.0
673,CASH_IN,120861.45,C1139842293,238203.5,359064.94,C1351513579,1566909.71,1446048.27
673,CASH_IN,22622.66,C1398804210,359064.94,381687.61,C149693787,5738267.14,5715644.48
673,CASH_IN,223708.16,C2054916445,381687.61,605395.77,C1434435079,466505.55,242797.39
673,CASH_IN,136345.96,C959693461,605395.77,741741.72,C1786099923,3.188905834E7,3.175271238E7
673,CASH_IN,203670.64,C2120480370,741741.72,945412.36,C714273266,2604558.01,2400887.37
673,CASH_IN,400171.14,C765944018,945412.36,1345583.5,C890001051,3204526.88,2804355.74
673,CASH_IN,300293.67,C196097370,1345583.5,1645877.17,C149187142,793553.45,493259.78
673,CASH_IN,207239.23,C749763027,1645877.17,1853116.4,C298554764,5149166.81,4941927.58
673,CASH_IN,114691.79,C1300351569,1853116.4,1967808.19,C1829784677,137774.87,23083.08
673,CASH_IN,254989.91,C1530299075,1967808.19,2222798.11,C1760702590,1010689.86,755699.95
673,CASH_IN,45418.58,C1369859610,2222798.11,2268216.69,C1349112761,192074.38,146655.79
673,CASH_IN,109456.86,C2121790236,2268216.69,2377673.55,C2000014290,2926094.76,2816637.89
673,CASH_IN,404100.33,C1030192577,2377673.55,2781773.88,C1367080830,2293760.21,1889659.88
673,CASH_IN,134373.19,C1378402356,2781773.88,2916147.07,C1719770343,223563.73,89190.54
673,CASH_IN,101453.33,C819784413,2916147.07,3017600.4,C548372432,667134.38,565681.06
673,CASH_IN,244685.12,C1903300809,3017600.4,3262285.52,C1697302,1.436031067E7,1.411562555E7
673,CASH_IN,359130.1,C2013127251,3262285.52,3621415.62,C825695083,7827327.56,7468197.46
673,CASH_IN,144176.7,C1673569784,3621415.62,3765592.31,C1638539553,293280.54,149103.84
673,CASH_IN,305974.0,C882712927,3765592.31,4071566.31,C1252516496,343271.2,37297.21
673,CASH_IN,666864.62,C1435016029,4071566.31,4738430.93,C1410590157,6259821.99,5592957.37
673,CASH_IN,197485.78,C1308558533,4738430.93,4935916.71,C1991152940,259195.42,61709.64
673,CASH_IN,124455.33,C729192423,4935916.71,5060372.05,C1310612686,1.631489516E7,1.619043983E7
673,CASH_IN,17815.77,C1992084495,5060372.05,5078187.82,C232393593,755549.07,737733.3
673,CASH_IN,157137.55,C1744827382,5078187.82,5235325.37,C1979416469,165166.55,8028.99
673,CASH_IN,38708.69,C1376983776,5235325.37,5274034.06,C152632350,220148.04,181439.35
673,CASH_IN,129683.31,C1304782570,5274034.06,5403717.38,C1432895611,479304.44,349621.13
673,CASH_IN,227746.05,C1560877033,5403717.38,5631463.42,C1384716284,977268.18,749522.13
673,CASH_IN,137602.18,C1165045757,5631463.42,5769065.61,C1340625706,2171345.23,2033743.05
673,CASH_IN,72023.69,C268429737,5769065.61,5841089.3,C201139614,665898.0,593874.31
673,CASH_IN,45491.66,C1777024138,5841089.3,5886580.96,C784692939,67893.8,22402.15
673,CASH_IN,212721.63,C2093537281,5886580.96,6099302.59,C1933231365,530173.28,317451.65
673,CASH_IN,203533.22,C814354082,6099302.59,6302835.81,C976431668,3753313.94,3549780.72
673,CASH_IN,138946.03,C1078463419,6302835.81,6441781.83,C1285561526,470005.95,331059.92
673,CASH_IN,132141.31,C1886875732,6441781.83,6573923.15,C268223449,194152.26,62010.95
673,CASH_IN,44267.13,C1254471307,6573923.15,6618190.28,C804599042,2210135.99,2165868.86
673,CASH_IN,72280.63,C718954095,6618190.28,6690470.9,C716782490,266479.53,194198.91
673,CASH_IN,169402.5,C709856604,6690470.9,6859873.4,C15708671,1778290.53,1608888.03
673,CASH_IN,37994.7,C1643228561,6859873.4,6897868.1,C46657153,523973.57,485978.87
673,CASH_IN,127463.88,C115818186,6897868.1,7025331.98,C1971240934,144337.04,16873.15
673,CASH_IN,265774.4,C2125869407,7025331.98,7291106.39,C499972513,966238.98,700464.58
673,CASH_IN,227568.32,C684029624,7291106.39,7518674.71,C602662813,3316608.41,3089040.09
673,CASH_IN,198528.11,C1152699156,7518674.71,7717202.82,C296304629,1233475.56,1034947.45
673,CASH_IN,249933.03,C2073734182,7717202.82,7967135.84,C1335798191,1013939.29,764006.26
673,CASH_IN,141931.91,C879314627,7967135.84,8109067.75,C1373695754,227943.05,86011.14
673,CASH_IN,277288.53,C924485184,8109067.75,8386356.28,C1444491069,3008651.94,2731363.41
673,CASH_IN,103425.59,C1435764700,8386356.28,8489781.87,C1859770135,1602070.05,1498644.45
673,CASH_IN,5946.14,C2067884756,8489781.87,8495728.02,C722520533,420356.64,414410.5
673,CASH_IN,118553.45,C90203169,8495728.02,8614281.47,C451346299,2182412.91,2063859.45
673,CASH_IN,166030.6,C1722534475,8614281.47,8780312.07,C861463658,5665721.36,5499690.76
673,CASH_IN,118252.56,C334797733,8780312.07,8898564.63,C47273226,754934.5,636681.94
673,CASH_IN,178456.28,C1670595781,8898564.63,9077020.91,C1110280053,303756.85,125300.57
673,CASH_IN,7878.73,C1708418554,9077020.91,9084899.63,C666511011,6267243.55,6259364.82
673,CASH_IN,84506.83,C1570046617,9084899.63,9169406.46,C478839911,934213.74,849706.91
673,CASH_IN,328456.54,C1779139389,9169406.46,9497863.0,C1973736987,4580124.88,4251668.34
673,CASH_IN,200579.15,C323442645,9497863.0,9698442.15,C1634636952,355243.81,154664.67
673,CASH_IN,655265.51,C1434061810,9698442.15,1.035370766E7,C1612506084,2487133.43,1831867.92
673,CASH_IN,130254.82,C546195982,1.035370766E7,1.048396248E7,C650322085,632518.48,502263.66
673,CASH_IN,64677.77,C380254025,1.048396248E7,1.054864025E7,C924776233,3330436.81,3265759.04
673,CASH_IN,79237.05,C1073361846,1.054864025E7,1.06278773E7,C2016646386,142572.77,63335.72
673,CASH_IN,151339.02,C979016224,1.06278773E7,1.077921633E7,C100561226,204057.92,52718.89
673,CASH_IN,15500.14,C1758886239,1.077921633E7,1.079471647E7,C1348508511,882175.63,866675.49
673,CASH_IN,69536.49,C796990323,1.079471647E7,1.086425296E7,C2075644765,494703.87,425167.38
673,CASH_IN,35884.22,C1099496118,1.086425296E7,1.090013717E7,C1547582501,358814.67,322930.46
673,CASH_IN,306330.76,C804119357,1.090013717E7,1.120646794E7,C1776447147,1020898.62,714567.85
673,CASH_IN,132225.13,C1948936990,1.120646794E7,1.133869307E7,C465781383,1768061.61,1635836.48
673,CASH_IN,166489.24,C1398258795,1.133869307E7,1.150518231E7,C1623069647,225075.67,58586.43
673,CASH_IN,385663.42,C1426891261,1.150518231E7,1.189084573E7,C395177814,469911.81,84248.39
673,PAYMENT,525.82,C356013162,41171.0,40645.18,M846049096,0.0,0.0
673,PAYMENT,5198.76,C1547168138,17641.0,12442.24,M1812244664,0.0,0.0
673,CASH_OUT,38411.68,C1002977878,12442.24,0.0,C1709334186,78638.15,117049.83
673,PAYMENT,1899.25,C1677772168,12514.0,10614.75,M127408955,0.0,0.0
673,PAYMENT,852.77,C1318072856,25651.0,24798.23,M888187670,0.0,0.0
673,PAYMENT,4324.91,C1446904965,61933.0,57608.09,M297311418,0.0,0.0
673,PAYMENT,2886.62,C1584884839,85224.0,82337.38,M1869530276,0.0,0.0
673,PAYMENT,5906.8,C1230176224,20734.0,14827.2,M484108092,0.0,0.0
673,PAYMENT,4946.96,C2041296020,14827.2,9880.24,M1626932449,0.0,0.0
673,DEBIT,2536.67,C1049250529,40536.0,37999.33,C65673917,913074.43,915611.1
673,CASH_OUT,78644.64,C1965205771,30193.0,0.0,C620687143,0.0,78644.64
673,PAYMENT,1530.24,C1367981103,188017.0,186486.76,M2038396147,0.0,0.0
673,PAYMENT,4892.82,C365884543,12473.0,7580.18,M1975811388,0.0,0.0
673,PAYMENT,1577.92,C1764806511,7580.18,6002.26,M1810560598,0.0,0.0
673,PAYMENT,6828.81,C157653592,95678.0,88849.19,M1604205525,0.0,0.0
673,PAYMENT,3852.93,C809159934,10373.0,6520.07,M207537385,0.0,0.0
673,PAYMENT,4897.18,C692861024,24849.0,19951.82,M128118287,0.0,0.0
673,PAYMENT,3186.47,C1637457721,5501.0,2314.53,M463107695,0.0,0.0
673,PAYMENT,4556.43,C1398657604,11293.0,6736.57,M1126141110,0.0,0.0
673,DEBIT,2823.48,C1850913723,275.0,0.0,C820322227,371638.02,374461.5
673,CASH_OUT,110566.17,C640915728,0.0,0.0,C1647128891,1.188385336E7,1.199441954E7
673,CASH_OUT,6994.28,C465674336,0.0,0.0,C2014721687,58438.65,65432.93
673,CASH_OUT,167127.13,C604300690,0.0,0.0,C1638698004,1400088.9,1567216.03
673,CASH_OUT,187129.9,C1597003202,0.0,0.0,C515613110,354181.18,541311.08
673,CASH_OUT,281985.26,C1701952557,0.0,0.0,C1001239182,657985.56,939970.82
673,CASH_OUT,236796.84,C1940243011,0.0,0.0,C1308368868,360623.4,597420.24
673,CASH_OUT,182193.44,C1879998928,0.0,0.0,C681362600,2204766.27,2386959.71
673,CASH_OUT,184707.39,C760042582,0.0,0.0,C102705081,6619514.19,6804221.57
673,CASH_OUT,158720.91,C1169491206,0.0,0.0,C1758700094,483635.77,642356.68
673,CASH_OUT,141282.86,C417296425,0.0,0.0,C1102790873,470325.08,611607.94
673,CASH_OUT,113854.7,C484143843,0.0,0.0,C711044991,4818169.12,4932023.81
673,CASH_OUT,906.71,C1542683338,0.0,0.0,C771543319,658046.19,658952.9
673,PAYMENT,5566.63,C906217863,101187.0,95620.37,M1438562646,0.0,0.0
673,PAYMENT,197.26,C305501544,95620.37,95423.12,M1381009614,0.0,0.0
673,PAYMENT,2980.28,C2058824946,10861.0,7880.72,M1516461819,0.0,0.0
673,TRANSFER,268947.7,C1690504714,398290.0,129342.3,C1177078006,0.0,268947.7
673,DEBIT,1853.91,C847510692,10613.0,8759.09,C700050473,5852303.9,5854157.81
673,TRANSFER,601086.76,C1905297082,114484.0,0.0,C81814576,0.0,601086.76
673,PAYMENT,1200.03,C834968309,0.0,0.0,M1300980121,0.0,0.0
673,PAYMENT,12043.91,C1614860880,0.0,0.0,M353385908,0.0,0.0
673,PAYMENT,12139.14,C9838289,298724.0,286584.86,M369565939,0.0,0.0
673,PAYMENT,467.95,C1882436145,11158.0,10690.05,M1683676190,0.0,0.0
673,PAYMENT,3678.26,C1409955538,14878.0,11199.74,M2074448920,0.0,0.0
673,PAYMENT,5868.77,C384435047,62215.0,56346.23,M610437000,0.0,0.0
673,PAYMENT,4957.82,C559647088,90532.0,85574.18,M1980357655,0.0,0.0
673,PAYMENT,2630.23,C809375882,1068.0,0.0,M13670338,0.0,0.0
673,PAYMENT,4612.95,C2101186209,106567.0,101954.05,M1173101685,0.0,0.0
673,PAYMENT,5699.34,C89568778,38887.0,33187.66,M29118437,0.0,0.0
673,CASH_IN,69721.97,C283476469,33187.66,102909.62,C469678864,928352.03,858630.06
673,CASH_IN,9037.96,C894384168,102909.62,111947.59,C392266282,1652403.52,1643365.56
673,CASH_IN,205619.26,C93924973,111947.59,317566.85,C1595553709,538436.85,332817.59
673,CASH_IN,259098.25,C1723439708,317566.85,576665.1,C1210412826,3038020.68,2778922.43
673,CASH_IN,386477.24,C1517245783,576665.1,963142.34,C278196804,2275513.98,1889036.74
673,CASH_IN,317507.64,C372090954,963142.34,1280649.97,C1063905875,3744446.31,3426938.67
673,CASH_IN,181819.78,C1519064740,1280649.97,1462469.76,C1984609590,426470.07,244650.28
673,CASH_IN,58344.41,C1883905235,1462469.76,1520814.17,C1228262153,3358005.52,3299661.11
673,CASH_IN,285554.09,C1353661024,1520814.17,1806368.26,C1939942308,2837047.33,2551493.24
673,CASH_IN,50480.22,C725329863,1806368.26,1856848.47,C1869468001,350435.01,299954.8
673,CASH_IN,23748.3,C696760882,1856848.47,1880596.77,C37329482,148366.86,124618.56
673,CASH_IN,53894.51,C151754581,1880596.77,1934491.28,C976892853,3632249.53,3578355.02
673,CASH_IN,38032.78,C543084590,1934491.28,1972524.06,C1123366375,1019566.0,981533.22
673,CASH_IN,54965.36,C1445809789,1972524.06,2027489.42,C2068053776,562380.96,507415.59
673,CASH_IN,79129.95,C1114585248,2027489.42,2106619.37,C407384561,204384.36,125254.41
673,CASH_IN,209218.12,C395034247,2106619.37,2315837.49,C1263595454,661381.04,452162.91
673,CASH_IN,58958.34,C1099088888,2315837.49,2374795.84,C1499054092,831075.88,772117.53
673,CASH_IN,283301.19,C2111841043,2374795.84,2658097.03,C1330567969,424413.88,141112.69
673,CASH_IN,12004.86,C1181855287,2658097.03,2670101.89,C552741315,1063420.58,1051415.72
673,CASH_IN,76634.88,C205803512,2670101.89,2746736.77,C1277608521,1325505.65,1248870.77
673,CASH_IN,1155.34,C1527693451,2746736.77,2747892.11,C830436094,3401609.88,3400454.53
673,CASH_IN,97369.19,C655001666,2747892.11,2845261.3,C1794825835,2904188.81,2806819.62
673,CASH_IN,97356.74,C1816234626,2845261.3,2942618.04,C250736634,468065.02,370708.28
673,CASH_IN,79189.74,C1121198973,2942618.04,3021807.77,C1715716648,4018674.86,3939485.12
673,CASH_IN,149089.32,C1878243636,3021807.77,3170897.09,C402331524,1892439.24,1743349.92
673,CASH_IN,231456.19,C474506256,3170897.09,3402353.28,C537272195,5319307.35,5087851.16
673,CASH_IN,32376.8,C2092824705,3402353.28,3434730.08,C1387649285,1.634448011E7,1.631210332E7
673,CASH_IN,499082.86,C529658784,3434730.08,3933812.94,C847866757,3324978.98,2825896.11
673,CASH_IN,106441.58,C1834599295,3933812.94,4040254.52,C1305971016,2848881.84,2742440.25
673,PAYMENT,5093.19,C854475296,14342.0,9248.81,M553966860,0.0,0.0
673,PAYMENT,13289.96,C823666303,9248.81,0.0,M318331160,0.0,0.0
673,PAYMENT,4042.08,C1388770853,31171.0,27128.92,M1429056972,0.0,0.0
673,PAYMENT,4946.22,C636900040,52487.0,47540.78,M2107633399,0.0,0.0
673,PAYMENT,9693.59,C411916479,6125.0,0.0,M553043375,0.0,0.0
673,CASH_OUT,22560.22,C931242859,253566.0,231005.78,C691751617,867980.13,890540.35
673,PAYMENT,3731.39,C896207674,99667.0,95935.61,M1204942216,0.0,0.0
673,PAYMENT,6876.13,C1360829280,95935.61,89059.48,M1799155923,0.0,0.0
673,PAYMENT,32796.83,C115541077,89059.48,56262.64,M1314311348,0.0,0.0
673,PAYMENT,9543.61,C2065992069,56262.64,46719.04,M2006078554,0.0,0.0
673,PAYMENT,4928.72,C1766668113,46719.04,41790.32,M285631904,0.0,0.0
673,PAYMENT,23054.69,C1311878820,41790.32,18735.63,M736367548,0.0,0.0
673,PAYMENT,10176.69,C722685486,18735.63,8558.94,M152704393,0.0,0.0
673,PAYMENT,8048.13,C1251856000,8558.94,510.82,M1097813404,0.0,0.0
673,PAYMENT,1256.59,C1882982817,510.82,0.0,M701758578,0.0,0.0
673,PAYMENT,3715.69,C228511238,0.0,0.0,M908484996,0.0,0.0
673,PAYMENT,14211.24,C642189280,0.0,0.0,M272715574,0.0,0.0
673,PAYMENT,19914.56,C1800687046,0.0,0.0,M1861954409,0.0,0.0
673,PAYMENT,2352.16,C1880967505,0.0,0.0,M1790935195,0.0,0.0
673,PAYMENT,5199.86,C592239223,0.0,0.0,M349904148,0.0,0.0
673,PAYMENT,4940.73,C236357919,0.0,0.0,M414939934,0.0,0.0
673,PAYMENT,30318.33,C1566676252,0.0,0.0,M295567385,0.0,0.0
673,PAYMENT,795.64,C737815876,0.0,0.0,M1759166638,0.0,0.0
673,PAYMENT,42007.02,C969044444,0.0,0.0,M1488793653,0.0,0.0
673,PAYMENT,29883.87,C584558187,0.0,0.0,M481746223,0.0,0.0
673,PAYMENT,6183.72,C911213556,123119.0,116935.28,M131969427,0.0,0.0
673,PAYMENT,5300.87,C405187581,15593.0,10292.13,M852710003,0.0,0.0
673,PAYMENT,2230.37,C78293118,10292.13,8061.75,M1846657105,0.0,0.0
673,DEBIT,2735.75,C1128658733,5297.0,2561.25,C25753062,967562.73,970298.48
673,CASH_OUT,132322.38,C1798141436,2561.25,0.0,C1731130992,1480912.9,1613235.28
673,PAYMENT,7141.29,C974506431,825.0,0.0,M1525056996,0.0,0.0
673,PAYMENT,3541.64,C913763594,0.0,0.0,M922025133,0.0,0.0
673,PAYMENT,4167.9,C582521853,102164.0,97996.1,M1277164523,0.0,0.0
673,DEBIT,9076.23,C1300255199,58906.0,49829.77,C905054014,32982.85,42059.08
673,TRANSFER,68762.55,C1543556438,160816.0,92053.45,C768152609,2728635.74,2797398.29
673,TRANSFER,223202.71,C985766480,10116.0,0.0,C2081809748,0.0,223202.71
673,PAYMENT,8670.66,C162721344,0.0,0.0,M1181960192,0.0,0.0
673,PAYMENT,17919.55,C474171365,0.0,0.0,M719740199,0.0,0.0
673,PAYMENT,3554.6,C884504277,0.0,0.0,M1758927626,0.0,0.0
673,PAYMENT,12323.03,C1848448410,0.0,0.0,M1983541789,0.0,0.0
673,PAYMENT,13830.66,C21212369,0.0,0.0,M1360849080,0.0,0.0
673,PAYMENT,10716.89,C1469818564,0.0,0.0,M1922342064,0.0,0.0
673,PAYMENT,10002.23,C1856865047,0.0,0.0,M1480781650,0.0,0.0
673,PAYMENT,19686.87,C1382403864,0.0,0.0,M71481592,0.0,0.0
673,PAYMENT,14542.74,C108340828,0.0,0.0,M1224892863,0.0,0.0
673,PAYMENT,12670.86,C904100488,0.0,0.0,M620204468,0.0,0.0
673,PAYMENT,68.84,C186586288,0.0,0.0,M1363842037,0.0,0.0
673,PAYMENT,11014.12,C2144568430,0.0,0.0,M1731313681,0.0,0.0
673,PAYMENT,23238.25,C351859411,0.0,0.0,M296226434,0.0,0.0
673,PAYMENT,1005.08,C1924859949,0.0,0.0,M467889955,0.0,0.0
673,PAYMENT,4637.2,C1222539494,49679.0,45041.8,M424911713,0.0,0.0
673,PAYMENT,10615.96,C864233990,45041.8,34425.84,M865718562,0.0,0.0
673,PAYMENT,4273.85,C146507519,123.0,0.0,M217539618,0.0,0.0
673,PAYMENT,1306.91,C646884512,19981.0,18674.09,M1533241746,0.0,0.0
673,PAYMENT,1523.82,C255561855,10204.0,8680.18,M945431502,0.0,0.0
673,PAYMENT,10834.68,C1801610185,21240.0,10405.32,M722315470,0.0,0.0
673,PAYMENT,5876.11,C2028367288,25932.0,20055.89,M290153785,0.0,0.0
673,PAYMENT,14785.58,C1775186162,20055.89,5270.32,M792903389,0.0,0.0
673,PAYMENT,3993.38,C1677892896,69409.0,65415.62,M774524468,0.0,0.0
673,PAYMENT,10142.5,C1056093091,233922.0,223779.5,M75257590,0.0,0.0
673,PAYMENT,1499.98,C1952915652,9268.0,7768.02,M146836370,0.0,0.0
673,PAYMENT,1506.8,C587484802,7768.02,6261.22,M1160345586,0.0,0.0
673,PAYMENT,14770.39,C142941843,6261.22,0.0,M68519946,0.0,0.0
673,PAYMENT,2285.41,C98874964,11423.0,9137.59,M192727037,0.0,0.0
673,PAYMENT,5597.71,C732770695,3434.0,0.0,M64006432,0.0,0.0
673,DEBIT,573.9,C598145304,50904.0,50330.1,C2137963149,498464.73,499038.64
673,PAYMENT,2633.09,C1309180350,18733.0,16099.91,M216768753,0.0,0.0
673,TRANSFER,645104.5,C986606051,645104.5,0.0,C175407589,0.0,0.0
673,CASH_OUT,645104.5,C649790605,645104.5,0.0,C351734754,0.0,645104.5
673,PAYMENT,7831.01,C494443897,91461.0,83629.99,M1014064836,0.0,0.0
673,PAYMENT,8158.1,C1975095768,292562.0,284403.9,M198732942,0.0,0.0
673,PAYMENT,1770.83,C1376959449,9827.0,8056.17,M1709350937,0.0,0.0
673,PAYMENT,1443.13,C1550633516,662.0,0.0,M345534771,0.0,0.0
673,PAYMENT,1720.91,C1393810442,20247.0,18526.09,M595676185,0.0,0.0
673,CASH_IN,108059.96,C419876847,76566.0,184625.96,C1126568505,0.0,0.0
673,PAYMENT,11469.75,C1312830485,184625.96,173156.21,M66994779,0.0,0.0
673,DEBIT,1779.83,C716580793,196386.0,194606.17,C1911875891,392094.87,393874.71
673,PAYMENT,8082.19,C98630839,52948.0,44865.81,M1246728322,0.0,0.0
673,PAYMENT,8010.61,C995294986,44865.81,36855.2,M549624886,0.0,0.0
673,PAYMENT,73.15,C575003101,618182.0,618108.85,M339248791,0.0,0.0
673,CASH_OUT,93429.09,C943620533,7643.0,0.0,C927911979,214694.45,308123.54
673,DEBIT,3782.72,C204052904,18636.0,14853.28,C156038530,1.265719565E7,1.266097837E7
673,PAYMENT,9144.37,C3027649,99304.0,90159.63,M1358037101,0.0,0.0
673,CASH_OUT,248015.68,C479002863,90159.63,0.0,C1831393491,713839.79,961855.47
673,CASH_OUT,177766.01,C1554591247,0.0,0.0,C522548630,699297.67,877063.68
673,CASH_OUT,256570.5,C761309025,0.0,0.0,C2081261014,487586.28,744156.78
673,CASH_OUT,256961.89,C1842428872,0.0,0.0,C1688300048,1662459.3,1919421.18
673,CASH_OUT,267791.35,C430949605,0.0,0.0,C1310541113,1.563543739E7,1.590322874E7
673,CASH_OUT,259069.78,C207837321,0.0,0.0,C1118782322,818187.03,1077256.81
673,CASH_OUT,254295.62,C605076939,0.0,0.0,C1251954051,435793.47,690089.09
673,CASH_OUT,9529.8,C1090248186,0.0,0.0,C262006814,1107738.77,1117268.57
673,CASH_OUT,406514.99,C664056300,0.0,0.0,C1549755402,890270.0,1296785.0
673,CASH_OUT,89797.58,C832901767,0.0,0.0,C672856670,726285.7,816083.29
673,CASH_OUT,151302.9,C276434845,0.0,0.0,C200684192,862798.8,1014101.7
673,CASH_OUT,49632.62,C250614885,0.0,0.0,C1207028399,1155820.1,1205452.72
673,CASH_OUT,163178.11,C216649606,0.0,0.0,C1976612643,370029.1,533207.21
673,PAYMENT,5015.41,C365020598,11135.0,6119.59,M1426536052,0.0,0.0
673,PAYMENT,9594.97,C1532646285,302161.0,292566.03,M420295327,0.0,0.0
673,PAYMENT,4045.27,C41597053,1611.0,0.0,M1856150224,0.0,0.0
673,PAYMENT,1000.77,C1743612594,556.0,0.0,M394536218,0.0,0.0
673,CASH_OUT,420817.14,C1089130183,0.0,0.0,C1337071619,463652.48,884469.63
673,TRANSFER,353524.96,C988067856,1956.0,0.0,C1301777263,0.0,353524.96
673,PAYMENT,1010.05,C919661828,297498.0,296487.95,M4895281,0.0,0.0
673,DEBIT,3265.9,C373348361,20405.0,17139.1,C1063087782,1415058.39,1418324.29
673,CASH_OUT,268605.45,C167499497,17139.1,0.0,C1548408040,3029186.99,3297792.44
673,DEBIT,3371.37,C955425311,11557.0,8185.63,C1720383410,5853095.76,5856467.13
673,PAYMENT,2464.1,C1836864522,170.0,0.0,M2104252732,0.0,0.0
673,PAYMENT,1164.56,C720864486,3095.0,1930.44,M121121277,0.0,0.0
673,PAYMENT,22188.57,C149676308,1930.44,0.0,M391244940,0.0,0.0
673,DEBIT,1785.89,C26712628,99036.0,97250.11,C1783982807,14365.45,16151.34
673,CASH_OUT,91107.6,C1202076730,97250.11,6142.51,C1562697088,2748048.95,2839156.55
673,PAYMENT,8555.2,C278038171,20350.0,11794.8,M146750857,0.0,0.0
673,PAYMENT,5566.1,C902054032,16116.0,10549.9,M1131802110,0.0,0.0
673,PAYMENT,3316.92,C1196887381,10549.9,7232.99,M922035011,0.0,0.0
673,PAYMENT,18044.09,C555890125,7232.99,0.0,M1297360394,0.0,0.0
673,PAYMENT,828.2,C848734032,2052.0,1223.8,M761689466,0.0,0.0
673,PAYMENT,12.18,C492478790,102950.0,102937.82,M1901240465,0.0,0.0
673,PAYMENT,6613.94,C1987655116,22614.0,16000.06,M1755993052,0.0,0.0
673,PAYMENT,5329.78,C548577054,16000.06,10670.28,M1149298097,0.0,0.0
673,PAYMENT,3719.48,C2078830520,402772.0,399052.52,M1105655722,0.0,0.0
673,PAYMENT,2542.02,C1964559079,399052.52,396510.51,M922092696,0.0,0.0
673,PAYMENT,2969.92,C249247825,508451.0,505481.08,M2021053831,0.0,0.0
673,PAYMENT,4097.7,C1267361692,505481.08,501383.37,M1306421425,0.0,0.0
673,PAYMENT,1798.89,C445696235,114629.0,112830.11,M1418001619,0.0,0.0
673,CASH_IN,134964.84,C1286264664,112830.11,247794.95,C553256013,4808156.79,4673191.95
673,CASH_IN,406923.05,C1922016668,247794.95,654718.0,C2088497865,603352.06,196429.01
673,CASH_IN,175177.76,C1858403510,654718.0,829895.76,C1980278582,322885.15,147707.4
673,CASH_IN,194053.98,C492173273,829895.76,1023949.73,C45780308,241377.99,47324.01
673,CASH_IN,127732.67,C123724604,1023949.73,1151682.4,C1285400260,160352.72,32620.06
673,CASH_IN,282564.91,C141759758,1151682.4,1434247.32,C412261249,1089128.31,806563.39
673,CASH_IN,41585.92,C1092319738,1434247.32,1475833.23,C1526855254,2827135.54,2785549.63
673,CASH_IN,247468.39,C1942136127,1475833.23,1723301.62,C724489866,3570557.91,3323089.52
673,CASH_IN,61281.0,C201125496,1723301.62,1784582.62,C1217347524,590647.31,529366.31
673,CASH_IN,35442.95,C464998764,1784582.62,1820025.57,C156342565,273071.71,237628.76
673,CASH_IN,75109.63,C33111881,1820025.57,1895135.2,C1508323146,1494282.65,1419173.02
673,CASH_IN,58148.68,C1735690516,1895135.2,1953283.89,C863982458,795707.54,737558.86
673,CASH_IN,71137.8,C186066092,1953283.89,2024421.69,C28978461,158971.23,87833.43
673,CASH_IN,147040.17,C705312915,2024421.69,2171461.86,C2122841286,1169300.67,1022260.5
673,CASH_IN,96476.82,C1656838636,2171461.86,2267938.69,C802871559,1.222560825E7,1.212913142E7
673,CASH_IN,3872.87,C557727881,2267938.69,2271811.56,C1921435709,996471.19,992598.33
673,CASH_IN,181635.03,C322839110,2271811.56,2453446.58,C683060004,1213032.66,1031397.64
673,CASH_IN,183077.31,C1745575442,2453446.58,2636523.89,C1343942309,1.136321616E7,1.118013885E7
673,CASH_IN,74907.82,C7169222,2636523.89,2711431.71,C1038903256,1731923.46,1657015.63
673,CASH_IN,33312.28,C1392793162,2711431.71,2744744.0,C1950538815,746435.6,713123.32
673,CASH_IN,64285.38,C826958462,2744744.0,2809029.37,C983411146,1165589.95,1101304.57
673,CASH_IN,10503.13,C58937739,2809029.37,2819532.5,C187006211,2959327.62,2948824.49
673,CASH_IN,8906.76,C1755532905,2819532.5,2828439.26,C1288085428,2039499.16,2030592.4
673,CASH_IN,53586.9,C426046257,2828439.26,2882026.17,C1611184444,312064.82,258477.91
673,CASH_IN,30177.68,C2069838833,2882026.17,2912203.85,C2130327269,153729.86,123552.18
673,CASH_IN,142738.0,C1648964120,2912203.85,3054941.85,C1520229331,2272861.6,2130123.6
673,CASH_IN,264171.53,C283895870,3054941.85,3319113.38,C329072001,1237193.85,973022.32
673,CASH_IN,58981.9,C774401129,3319113.38,3378095.28,C1028338100,525548.37,466566.47
673,CASH_IN,201080.92,C740973294,3378095.28,3579176.2,C915245360,235592.05,34511.13
673,CASH_IN,123704.19,C131622017,274.0,123978.19,C1985615707,0.0,0.0
673,PAYMENT,6825.61,C1212008028,886.0,0.0,M622571542,0.0,0.0
673,PAYMENT,1534.67,C1528329073,21345.0,19810.33,M530639103,0.0,0.0
673,PAYMENT,4420.37,C965329521,6278.0,1857.63,M1097490006,0.0,0.0
673,CASH_OUT,8833.26,C1500589809,1857.63,0.0,C975024398,4414322.47,4423155.73
673,PAYMENT,9818.44,C1099874864,50268.0,40449.56,M912460346,0.0,0.0
673,PAYMENT,16591.77,C635988558,40449.56,23857.8,M1975443108,0.0,0.0
673,PAYMENT,22182.75,C1117134177,23857.8,1675.05,M1812659667,0.0,0.0
673,PAYMENT,1335.08,C173424646,330444.0,329108.92,M153023510,0.0,0.0
673,PAYMENT,1649.29,C2073140545,13063.0,11413.71,M1087243141,0.0,0.0
673,PAYMENT,1786.33,C2015374826,11413.71,9627.38,M107006140,0.0,0.0
673,PAYMENT,14003.53,C1902913188,9627.38,0.0,M1099878695,0.0,0.0
673,PAYMENT,11100.27,C943254401,0.0,0.0,M941486354,0.0,0.0
673,PAYMENT,14658.72,C676641203,0.0,0.0,M526664311,0.0,0.0
673,PAYMENT,22098.7,C1618990841,0.0,0.0,M935149189,0.0,0.0
673,PAYMENT,16600.48,C975802592,0.0,0.0,M132319784,0.0,0.0
673,PAYMENT,7172.96,C422960179,0.0,0.0,M1193443462,0.0,0.0
673,PAYMENT,19842.16,C830125586,0.0,0.0,M785864799,0.0,0.0
673,PAYMENT,25177.37,C431283698,0.0,0.0,M1254181106,0.0,0.0
673,TRANSFER,145067.24,C779070878,145067.24,0.0,C286939302,0.0,0.0
673,CASH_OUT,145067.24,C980295084,145067.24,0.0,C1347498132,1415212.22,1560279.46
673,DEBIT,741.23,C92933214,21173.0,20431.77,C1699561182,5503418.27,5504159.5
673,CASH_OUT,51370.65,C1162625733,20431.77,0.0,C456035135,461955.97,513326.62
673,PAYMENT,431.34,C370934959,12280.0,11848.66,M1557522621,0.0,0.0
673,PAYMENT,10795.46,C166258565,18360.0,7564.54,M773182999,0.0,0.0
673,PAYMENT,1290.08,C1482327558,16442.0,15151.92,M733547952,0.0,0.0
673,CASH_OUT,139338.34,C1696793485,15151.92,0.0,C538692095,1198335.52,1337673.85
673,PAYMENT,6978.11,C1703334992,10376.0,3397.89,M1776292944,0.0,0.0
673,PAYMENT,4587.3,C173494353,6426.0,1838.7,M2006259197,0.0,0.0
673,PAYMENT,3414.83,C610429707,1838.7,0.0,M1305061699,0.0,0.0
673,PAYMENT,12172.71,C2100079987,0.0,0.0,M583624150,0.0,0.0
673,PAYMENT,5403.12,C356808887,60400.0,54996.88,M365381869,0.0,0.0
673,PAYMENT,2323.89,C228079635,96028.0,93704.11,M1687554979,0.0,0.0
673,PAYMENT,16216.9,C1377916486,93704.11,77487.21,M2106518735,0.0,0.0
673,PAYMENT,11926.01,C823790541,77487.21,65561.19,M1703269726,0.0,0.0
673,PAYMENT,7906.39,C1036922062,65561.19,57654.81,M934037292,0.0,0.0
673,PAYMENT,19644.01,C1443456631,57654.81,38010.8,M493713101,0.0,0.0
673,PAYMENT,97.0,C1359581682,11173.0,11076.0,M80292312,0.0,0.0
673,PAYMENT,2024.32,C426692072,11076.0,9051.68,M1866668822,0.0,0.0
673,PAYMENT,3139.39,C1926795533,10880.0,7740.61,M1058206055,0.0,0.0
673,PAYMENT,9422.73,C1358723808,10079.0,656.27,M655380546,0.0,0.0
673,PAYMENT,14720.85,C301395284,120175.0,105454.15,M969392068,0.0,0.0
673,PAYMENT,16782.25,C182450534,105454.15,88671.9,M795359807,0.0,0.0
673,PAYMENT,2328.28,C156434123,70588.0,68259.72,M233789882,0.0,0.0
673,PAYMENT,1252.76,C2022610344,10789.0,9536.24,M383381828,0.0,0.0
673,PAYMENT,3314.34,C149156338,16872.0,13557.66,M2134264797,0.0,0.0
673,CASH_OUT,357510.98,C1939452486,13557.66,0.0,C2077265312,886611.23,1244122.22
673,PAYMENT,7803.01,C705900192,501297.0,493493.99,M1038624369,0.0,0.0
673,CASH_OUT,264804.84,C1884158642,493493.99,228689.15,C768934102,319679.35,584484.2
673,PAYMENT,3083.68,C1316519295,16711.0,13627.32,M2108505150,0.0,0.0
673,PAYMENT,4272.09,C25843284,140551.0,136278.91,M504210621,0.0,0.0
673,TRANSFER,87207.7,C320057734,11136.0,0.0,C1599116804,342892.57,430100.27
673,TRANSFER,888905.27,C130753302,888905.27,0.0,C1877166581,0.0,0.0
673,CASH_OUT,888905.27,C1419832653,888905.27,0.0,C471935282,220392.44,1109297.71
673,DEBIT,2312.16,C670794536,20569.0,18256.84,C1498288443,277888.2,280200.35
673,PAYMENT,4060.63,C694852048,455092.0,451031.37,M2011683960,0.0,0.0
